{
  "navigationBarTitleText": "养车无忧",
  "usingComponents": {
    "van-cell": "/static/vant/cell/index",
    "van-cell-group": "/static/vant/cell-group/index",
    "van-steps": "/static/vant/steps/index",
    "van-icon": "/static/vant/icon/index",
    "van-button": "/static/vant/button/index",
    "van-field": "/static/vant/field/index",
    "van-count-down": "/static/vant/count-down/index",
    "van-popup": "/static/vant/popup/index",
    "van-dialog": "/static/vant/dialog/index",
    "van-tab": "/static/vant/tab/index",
    "van-tabs": "/static/vant/tabs/index"
  }
}